[{"home-top":["gymbase_upcoming_classes-2","gymbase_home_box-2","gymbase_home_box-3"],"home-right":["gymbase_classes-2","gymbase_twitter-2"],"header-top-right":["gymbase_cart_icon-2"],"header":["search-3"],"right":["gymbase_upcoming_classes-3","gymbase_home_box-4","gymbase_home_box-5"],"blog":["categories-2","gymbase_scrolling_most_commented-2","gymbase_scrolling_most_viewed-2","tag_cloud-2","gymbase_twitter-3","archives-2"],"footer-top":["gymbase_footer_box-2","gymbase_footer_box-3","gymbase_footer_box-4"],"footer-bottom":["gymbase_contact_details-2","nav_menu-2","gymbase_scrolling_recent_posts-2","text-2"],"sidebar-shop":["woocommerce_price_filter-3","woocommerce_product_categories-3","woocommerce_top_rated_products-3","woocommerce_product_search-3"],"copyright-area":["gymbase_social_icons-2"]},{"gymbase_upcoming_classes":{"2":{"title":"Upcoming Classes","subtitle":"See what is next","count":"","title_color":"","subtitle_color":"","mode":"12h","hour_minute_separator":":","time_mode":"server","timezone":"localtime","classes_page":"449","categories":"","background_color":"","text_color":"","item_border_color":"EBEBEB","color":""},"3":{"title":"Upcoming Classes","subtitle":"See what is next","count":"","title_color":"","subtitle_color":"","mode":"12h","hour_minute_separator":":","time_mode":"server","timezone":"localtime","classes_page":"449","categories":"","background_color":"","text_color":"","item_border_color":""},"_multiwidget":1},"gymbase_home_box":{"2":{"title":"Achieve Your Goals","subtitle":"Experience healthier life","color":"","icon":"people","type":"normal","content":"Ready to kick start your new healthy lifestyle? Contact us for a 20% off your introductory training session.","more_button_url":"http:\/\/quanticalabs.com\/wp_themes\/gymbase\/timetable\/","more_button_label":"VIEW CLASS SCHEDULE","title_color":"","subtitle_color":"","custom_color":"","text_color":"","more_button_style":"","icon_color":""},"3":{"title":"Train Day and Night","subtitle":"Around-the-clock access","color":"","icon":"clock","type":"normal","content":"Our members wanted more flexible opening hours, so we offer them 24\/7 access since the last year.","more_button_url":"http:\/\/quanticalabs.com\/wp_themes\/gymbase\/classes\/","more_button_label":"FIND MY PERFECT PLAN","title_color":"","subtitle_color":"","custom_color":"","text_color":"","more_button_style":"","icon_color":""},"4":{"title":"Request Personal Training","subtitle":"Experience healthier life","color":"","icon":"people","type":"sidebar","content":"Ready to start your new healthy lifestyle? Contact us for a 20% off your introductory training session.","more_button_url":"http:\/\/quanticalabs.com\/wp_themes\/gymbase\/timetable\/","more_button_label":"VIEW CLASS SCHEDULE","title_color":"","subtitle_color":"","custom_color":"","icon_color":"","text_color":"","more_button_style":""},"5":{"title":"Request Personal Training","subtitle":"Around-the-clock access","color":"green","icon":"clock","type":"sidebar","content":"Our members wanted more flexible opening hours, so we offer them 24\/7 access since the last year.","more_button_url":"http:\/\/quanticalabs.com\/wp_themes\/gymbase\/contact\/","more_button_label":"FIND MY PERFECT PLAN","title_color":"","subtitle_color":"","custom_color":"","icon_color":"","text_color":"","more_button_style":""},"_multiwidget":1},"gymbase_classes":{"2":{"title":"Training Classes","order":"ASC","classes_page":"449","timetable_page":"65","animation":"1","categories":""},"_multiwidget":1},"gymbase_twitter":{"2":{"title":" Latest Tweets","login":"quanticalabs","count":"10","consumer_key":"","consumer_secret":"","access_token":"","access_token_secret":"","animation":"1"},"3":{"title":"Latest Tweets","login":"quanticalabs","count":"10","animation":"1","consumer_key":"","consumer_secret":"","access_token":"","access_token_secret":""},"_multiwidget":1},"gymbase_cart_icon":{"2":{"cart_items_number":"yes","icon_target":"same_window","icon_display":"always"},"_multiwidget":1},"search":{"3":{"title":""},"2":{"title":""},"_multiwidget":1},"categories":{"2":{"title":"Categories","count":1,"hierarchical":0,"dropdown":0},"_multiwidget":1},"gymbase_scrolling_most_commented":{"2":{"title":"Most Commented","count":"5","animation":"1"},"_multiwidget":1},"gymbase_scrolling_most_viewed":{"2":{"title":"Most Viewed","count":"5","animation":"1"},"_multiwidget":1},"tag_cloud":{"2":{"title":"","count":0,"taxonomy":"post_tag"},"_multiwidget":1},"archives":{"2":{"title":"","count":0,"dropdown":0},"_multiwidget":1},"gymbase_footer_box":{"2":{"title":"Membership Cards","subtitle":"Discount for all members","color":"","icon":"percent","url":"http:\/\/quanticalabs.com\/wp_themes\/gymbase\/contact\/","title_color":"","subtitle_color":"","custom_color":"","icon_color":""},"3":{"title":"Rackets Sports","url":"http:\/\/quanticalabs.com\/wp_themes\/gymbase\/contact\/","subtitle":"Over 40 fitness classes","color":"","icon":"pingpong","title_color":"","subtitle_color":"","custom_color":"","icon_color":""},"4":{"title":"Find a Club","url":"http:\/\/quanticalabs.com\/wp_themes\/gymbase\/contact\/","subtitle":"at your preferred location","color":"green","icon":"location","title_color":"","subtitle_color":"","custom_color":"","icon_color":""},"_multiwidget":1},"gymbase_contact_details":{"2":{"title":"Gym Base","address_line_1":"","address_line_2":"","address_line_3":"","contact_line_1":"","contact_line_2":"","contact_line_3":"","icon_type":["location","mobile","email"],"icon_value":["2702 Memory Lane<br>Chicago, IL 60605","<a href=\"tel:(510)2105225\">(510) 210-5225<\/a><br><a href=\"tel:(510)2105226\">(510) 210-5226<\/a>","<a href=\"mailto:contact@gymbase.com\">contact@gymbase.com<\/a>",""],"icon_target":["new_window","new_window","same_window","same_window"],"content":"The longest running gym in Chicago. Owned and operated by a personal trainer with over 25 years experience.","animation":"1"},"_multiwidget":1},"nav_menu":{"2":{"title":"About Us","nav_menu":32},"_multiwidget":1},"gymbase_scrolling_recent_posts":{"2":{"title":"Latest Posts","count":"5","animation":"1"},"_multiwidget":1},"text":{"2":{"title":"","text":"[items_list list_header='Opening Hours' header_type='h5' type='scrolling' class='items-list' visible='5']\r\n\t[item value='09:00 pm - 10:00 pm' border_color='#515151']Monday[\/item]\r\n\t[item value='08:00 am - 10:00 pm' border_color='#515151']Tuesday[\/item]\r\n\t[item value='08:00 am - 10:00 pm' border_color='#515151']Wednesday[\/item]\r\n\t[item value='08:00 am - 10:00 pm' border_color='#515151']Thursday[\/item]\r\n\t[item value='08:00 am - 12:00 pm' border_color='#515151']Friday[\/item]\r\n\t[item value='08:00 am - 06:00 pm' border_color='#515151']Saturday[\/item]\r\n\t[item value='10:00 am - 03:00 pm' border_color='#515151']Sunday[\/item]\r\n[\/items_list]","filter":false,"visual":false},"_multiwidget":1},"woocommerce_price_filter":{"3":{"title":"Filter by Price"},"_multiwidget":1},"woocommerce_product_categories":{"3":{"title":"Product Categories","orderby":"name","dropdown":0,"count":0,"hierarchical":0,"show_children_only":0,"hide_empty":0,"max_depth":""},"_multiwidget":1},"woocommerce_top_rated_products":{"3":{"title":"Top Rated Products","number":5},"_multiwidget":1},"woocommerce_product_search":{"3":{"title":"Search Products"},"_multiwidget":1},"gymbase_social_icons":{"2":{"title":"","icon_type":["twitter","facebook","pinterest"],"icon_value":["https:\/\/twitter.com\/QuanticaLabs","https:\/\/www.facebook.com\/QuanticaLabs\/","https:\/\/www.pinterest.com\/quanticalabs\/",""],"icon_target":["same_window","same_window","same_window","same_window"],"icon_display":["always","always","always","always"]},"_multiwidget":1}}]